{"cameraMode":{"drawMode":0,"name":"Shaded","section":"Shading Mode"},"sceneLighting":false,"audioPlay":false,"sceneViewState":{"m_AlwaysRefresh":false,"showFog":true,"showSkybox":false,"showFlares":true,"showImageEffects":true,"showParticleSystems":true,"showVisualEffectGraphs":true,"m_FxEnabled":true},"in2DMode":false,"pivot":{"x":7.450580596923828e-7,"y":0.5409774780273438,"z":-0.02105778455734253},"rotation":{"x":-0.07425384223461151,"y":0.7406221032142639,"z":-0.08300133049488068,"w":-0.6626487374305725},"size":1.1177104711532593,"orthographic":true}